{
 "rx": 512,
 "ry": 1024,
 "_rx": 5,
 "_ry": 10,
 "photon_num": 10000,
 "total_round": 40,
 "total_brightness": 30.0,
 "round_decay": 0.9,
 "initial_r": 5,
 "r_decay": 0.8,
 "camera": {
  "type": "default",
  "position": {
   "x": 20,
   "y": -10,
   "z": 0
  },
  "dx": {
   "x": -10,
   "y": 0,
   "z": 0
  },
  "dy": {
   "x": 0,
   "y": 20,
   "z": 0
  },
  "origin": {
   "x": 40,
   "y": 0,
   "z": -50
  }
 },
 "lights": [
  {
   "type": "point_light",
   "name": "light1",
   "brightness": 10,
   "position": {
    "x": 2.5,
    "y": 0,
    "z": 27
   },
   "texture": {
    "type": "pure",
    "r": 1,
    "g": 1,
    "b": 1
   },
   "material": {
    "refl": 0,
    "diff": 0,
    "spec": 0,
    "refr": 0.0,
    "refr_k": 1.0
   }
  }
 ],
 "objects": [
  {
   "type": "sphere",
   "name": "ball_0_-1_-1",
   "center": {
    "x": 1.5,
    "y": 0.21880014540340853,
    "z": 19.180048493968123
   },
   "radius": 1,
   "texture": {
    "type": "pure",
    "r": 0.7,
    "g": 0,
    "b": 0.7
   },
   "absorb": {
    "type": "pure",
    "r": 0.12276608604106931,
    "g": 0.19182165058371614,
    "b": 0.8246846497500065
   },
   "material": {
    "refl": 0.0,
    "diff": 0.0,
    "spec": 0.6,
    "refr": 0.9,
    "refr_k": 1.3
   }
  },
  {
   "type": "sphere",
   "name": "ball_0_-1_0",
   "center": {
    "x": 1.5,
    "y": -1.3005756803142339,
    "z": 20.480624174282358
   },
   "radius": 1,
   "texture": {
    "type": "pure",
    "r": 0.7,
    "g": 0,
    "b": 0.7
   },
   "absorb": {
    "type": "pure",
    "r": 0.004718230634321197,
    "g": 0.8270847485364718,
    "b": 0.00165740091578781
   },
   "material": {
    "refl": 0.0,
    "diff": 0.0,
    "spec": 0.6,
    "refr": 0.9,
    "refr_k": 1.3
   }
  },
  {
   "type": "sphere",
   "name": "ball_0_-1_1",
   "center": {
    "x": 1.5,
    "y": -2.8199515060318765,
    "z": 21.78119985459659
   },
   "radius": 1,
   "texture": {
    "type": "pure",
    "r": 0.7,
    "g": 0,
    "b": 0.7
   },
   "absorb": {
    "type": "pure",
    "r": 0.5488433483119421,
    "g": 0.43783746215851405,
    "b": 0.6165867385679814
   },
   "material": {
    "refl": 0.0,
    "diff": 0.0,
    "spec": 0.6,
    "refr": 0.9,
    "refr_k": 1.3
   }
  },
  {
   "type": "sphere",
   "name": "ball_0_0_-1",
   "center": {
    "x": 1.5,
    "y": 1.5193758257176424,
    "z": 20.699424319685765
   },
   "radius": 1,
   "texture": {
    "type": "pure",
    "r": 0.7,
    "g": 0,
    "b": 0.7
   },
   "absorb": {
    "type": "pure",
    "r": 0.8130736034186407,
    "g": 0.8498129598874465,
    "b": 0.8766715681754257
   },
   "material": {
    "refl": 0.0,
    "diff": 0.0,
    "spec": 0.6,
    "refr": 0.9,
    "refr_k": 1.3
   }
  },
  {
   "type": "sphere",
   "name": "ball_0_0_0",
   "center": {
    "x": 1.5,
    "y": 0.0,
    "z": 22.0
   },
   "radius": 1,
   "texture": {
    "type": "pure",
    "r": 0.7,
    "g": 0,
    "b": 0.7
   },
   "absorb": {
    "type": "pure",
    "r": 0.5425877485963324,
    "g": 0.6142921919992144,
    "b": 0.8612678183636808
   },
   "material": {
    "refl": 0.0,
    "diff": 0.0,
    "spec": 0.6,
    "refr": 0.9,
    "refr_k": 1.3
   }
  },
  {
   "type": "sphere",
   "name": "ball_0_0_1",
   "center": {
    "x": 1.5,
    "y": -1.5193758257176424,
    "z": 23.300575680314235
   },
   "radius": 1,
   "texture": {
    "type": "pure",
    "r": 0.7,
    "g": 0,
    "b": 0.7
   },
   "absorb": {
    "type": "pure",
    "r": 0.5030663959698544,
    "g": 0.4098453323703378,
    "b": 0.6609361939611281
   },
   "material": {
    "refl": 0.0,
    "diff": 0.0,
    "spec": 0.6,
    "refr": 0.9,
    "refr_k": 1.3
   }
  },
  {
   "type": "sphere",
   "name": "ball_0_1_-1",
   "center": {
    "x": 1.5,
    "y": 2.8199515060318765,
    "z": 22.21880014540341
   },
   "radius": 1,
   "texture": {
    "type": "pure",
    "r": 0.7,
    "g": 0,
    "b": 0.7
   },
   "absorb": {
    "type": "pure",
    "r": 0.09259673400971369,
    "g": 0.7691083803642454,
    "b": 0.17842114827513422
   },
   "material": {
    "refl": 0.0,
    "diff": 0.0,
    "spec": 0.6,
    "refr": 0.9,
    "refr_k": 1.3
   }
  },
  {
   "type": "sphere",
   "name": "ball_0_1_0",
   "center": {
    "x": 1.5,
    "y": 1.3005756803142339,
    "z": 23.519375825717642
   },
   "radius": 1,
   "texture": {
    "type": "pure",
    "r": 0.7,
    "g": 0,
    "b": 0.7
   },
   "absorb": {
    "type": "pure",
    "r": 0.05290818304746747,
    "g": 0.7706377948630275,
    "b": 0.4025433983876139
   },
   "material": {
    "refl": 0.0,
    "diff": 0.0,
    "spec": 0.6,
    "refr": 0.9,
    "refr_k": 1.3
   }
  },
  {
   "type": "sphere",
   "name": "ball_0_1_1",
   "center": {
    "x": 1.5,
    "y": -0.21880014540340853,
    "z": 24.819951506031877
   },
   "radius": 1,
   "texture": {
    "type": "pure",
    "r": 0.7,
    "g": 0,
    "b": 0.7
   },
   "absorb": {
    "type": "pure",
    "r": 0.6586575526866133,
    "g": 0.47326229907642736,
    "b": 0.36374294025874376
   },
   "material": {
    "refl": 0.0,
    "diff": 0.0,
    "spec": 0.6,
    "refr": 0.9,
    "refr_k": 1.3
   }
  },
  {
   "type": "sphere",
   "name": "ball_1_-1_-1",
   "center": {
    "x": 3.5,
    "y": 0.21880014540340853,
    "z": 19.180048493968123
   },
   "radius": 1,
   "texture": {
    "type": "pure",
    "r": 0.7,
    "g": 0,
    "b": 0.7
   },
   "absorb": {
    "type": "pure",
    "r": 0.5078557254666821,
    "g": 0.3971124844648224,
    "b": 0.1454920314471918
   },
   "material": {
    "refl": 0.0,
    "diff": 0.0,
    "spec": 0.6,
    "refr": 0.9,
    "refr_k": 1.3
   }
  },
  {
   "type": "sphere",
   "name": "ball_1_-1_0",
   "center": {
    "x": 3.5,
    "y": -1.3005756803142339,
    "z": 20.480624174282358
   },
   "radius": 1,
   "texture": {
    "type": "pure",
    "r": 0.7,
    "g": 0,
    "b": 0.7
   },
   "absorb": {
    "type": "pure",
    "r": 0.2387291085709976,
    "g": 0.9283791184159338,
    "b": 0.5056788571019872
   },
   "material": {
    "refl": 0.0,
    "diff": 0.0,
    "spec": 0.6,
    "refr": 0.9,
    "refr_k": 1.3
   }
  },
  {
   "type": "sphere",
   "name": "ball_1_-1_1",
   "center": {
    "x": 3.5,
    "y": -2.8199515060318765,
    "z": 21.78119985459659
   },
   "radius": 1,
   "texture": {
    "type": "pure",
    "r": 0.7,
    "g": 0,
    "b": 0.7
   },
   "absorb": {
    "type": "pure",
    "r": 0.7417121055937966,
    "g": 0.39823879848991306,
    "b": 0.5301347705187379
   },
   "material": {
    "refl": 0.0,
    "diff": 0.0,
    "spec": 0.6,
    "refr": 0.9,
    "refr_k": 1.3
   }
  },
  {
   "type": "sphere",
   "name": "ball_1_0_-1",
   "center": {
    "x": 3.5,
    "y": 1.5193758257176424,
    "z": 20.699424319685765
   },
   "radius": 1,
   "texture": {
    "type": "pure",
    "r": 0.7,
    "g": 0,
    "b": 0.7
   },
   "absorb": {
    "type": "pure",
    "r": 0.7070727144660546,
    "g": 0.008774784084012555,
    "b": 0.582804119425511
   },
   "material": {
    "refl": 0.0,
    "diff": 0.0,
    "spec": 0.6,
    "refr": 0.9,
    "refr_k": 1.3
   }
  },
  {
   "type": "sphere",
   "name": "ball_1_0_0",
   "center": {
    "x": 3.5,
    "y": 0.0,
    "z": 22.0
   },
   "radius": 1,
   "texture": {
    "type": "pure",
    "r": 0.7,
    "g": 0,
    "b": 0.7
   },
   "absorb": {
    "r": 0,
    "g": 0,
    "b": 0,
    "type": "pure"
   },
   "material": {
    "refl": 0.0,
    "diff": 0.0,
    "spec": 0.6,
    "refr": 0.9,
    "refr_k": 1.3
   }
  },
  {
   "type": "sphere",
   "name": "ball_1_0_1",
   "center": {
    "x": 3.5,
    "y": -1.5193758257176424,
    "z": 23.300575680314235
   },
   "radius": 1,
   "texture": {
    "type": "pure",
    "r": 0.7,
    "g": 0,
    "b": 0.7
   },
   "absorb": {
    "type": "pure",
    "r": 0.6762797606456061,
    "g": 0.05930308206701351,
    "b": 0.7221441796115419
   },
   "material": {
    "refl": 0.0,
    "diff": 0.0,
    "spec": 0.6,
    "refr": 0.9,
    "refr_k": 1.3
   }
  },
  {
   "type": "sphere",
   "name": "ball_1_1_-1",
   "center": {
    "x": 3.5,
    "y": 2.8199515060318765,